Date,Time,HR (BPM),NZ Date,NZ Time
25/08/2024,19:23:28,70,26/08/2024,7:23:28
25/08/2024,19:23:38,75,26/08/2024,7:23:38
25/08/2024,19:23:43,86,26/08/2024,7:23:43
25/08/2024,19:23:53,87,26/08/2024,7:23:53
25/08/2024,19:23:58,88,26/08/2024,7:23:58
25/08/2024,19:24:08,90,26/08/2024,7:24:08
25/08/2024,19:24:13,91,26/08/2024,7:24:13
25/08/2024,19:24:18,90,26/08/2024,7:24:18
25/08/2024,19:24:23,89,26/08/2024,7:24:23
26/08/2024,1:38:31,70,26/08/2024,13:38:31
26/08/2024,1:38:41,71,26/08/2024,13:38:41
26/08/2024,1:38:46,73,26/08/2024,13:38:46
26/08/2024,1:38:51,74,26/08/2024,13:38:51
26/08/2024,1:38:56,85,26/08/2024,13:38:56
26/08/2024,1:39:01,89,26/08/2024,13:39:01
26/08/2024,1:39:06,90,26/08/2024,13:39:06
26/08/2024,1:39:16,91,26/08/2024,13:39:16
26/08/2024,1:39:21,92,26/08/2024,13:39:21
26/08/2024,4:43:52,70,26/08/2024,16:43:52
26/08/2024,4:44:02,74,26/08/2024,16:44:02
26/08/2024,4:44:07,83,26/08/2024,16:44:07
26/08/2024,4:44:12,84,26/08/2024,16:44:12
26/08/2024,4:44:17,87,26/08/2024,16:44:17
26/08/2024,4:44:22,90,26/08/2024,16:44:22
26/08/2024,4:44:27,89,26/08/2024,16:44:27
26/08/2024,6:16:01,70,26/08/2024,18:16:01
26/08/2024,6:16:16,70,26/08/2024,18:16:16
26/08/2024,6:16:31,70,26/08/2024,18:16:31
26/08/2024,6:16:46,80,26/08/2024,18:16:46
26/08/2024,6:16:51,99,26/08/2024,18:16:51
26/08/2024,6:17:06,99,26/08/2024,18:17:06
26/08/2024,6:17:11,98,26/08/2024,18:17:11
26/08/2024,6:17:16,99,26/08/2024,18:17:16
26/08/2024,6:17:21,100,26/08/2024,18:17:21
26/08/2024,6:17:26,101,26/08/2024,18:17:26
26/08/2024,6:17:31,99,26/08/2024,18:17:31
26/08/2024,6:17:41,99,26/08/2024,18:17:41
26/08/2024,6:17:51,98,26/08/2024,18:17:51
26/08/2024,6:17:56,97,26/08/2024,18:17:56
26/08/2024,6:18:01,97,26/08/2024,18:18:01
26/08/2024,6:18:06,98,26/08/2024,18:18:06
26/08/2024,6:18:11,99,26/08/2024,18:18:11
26/08/2024,6:18:16,100,26/08/2024,18:18:16
26/08/2024,6:18:26,100,26/08/2024,18:18:26
26/08/2024,6:18:41,100,26/08/2024,18:18:41
26/08/2024,6:18:46,101,26/08/2024,18:18:46
26/08/2024,6:18:51,105,26/08/2024,18:18:51
26/08/2024,6:18:56,107,26/08/2024,18:18:56
26/08/2024,6:19:01,105,26/08/2024,18:19:01
26/08/2024,6:19:06,102,26/08/2024,18:19:06
26/08/2024,6:19:11,101,26/08/2024,18:19:11
26/08/2024,6:19:26,99,26/08/2024,18:19:26
26/08/2024,6:19:36,98,26/08/2024,18:19:36
26/08/2024,6:19:41,96,26/08/2024,18:19:41
26/08/2024,6:19:46,95,26/08/2024,18:19:46
26/08/2024,6:19:56,94,26/08/2024,18:19:56
26/08/2024,6:20:11,93,26/08/2024,18:20:11
26/08/2024,6:20:32,93,26/08/2024,18:20:32
26/08/2024,6:20:37,93,26/08/2024,18:20:37
26/08/2024,6:20:52,92,26/08/2024,18:20:52
26/08/2024,6:21:07,91,26/08/2024,18:21:07
26/08/2024,6:21:22,92,26/08/2024,18:21:22
26/08/2024,6:21:27,94,26/08/2024,18:21:27
26/08/2024,6:21:37,95,26/08/2024,18:21:37
26/08/2024,6:21:47,93,26/08/2024,18:21:47
26/08/2024,6:21:52,91,26/08/2024,18:21:52
26/08/2024,6:21:57,90,26/08/2024,18:21:57
26/08/2024,6:22:12,91,26/08/2024,18:22:12
26/08/2024,6:22:17,90,26/08/2024,18:22:17
26/08/2024,6:22:22,89,26/08/2024,18:22:22
26/08/2024,6:22:32,88,26/08/2024,18:22:32
26/08/2024,6:22:37,87,26/08/2024,18:22:37
26/08/2024,6:22:52,87,26/08/2024,18:22:52
26/08/2024,6:22:57,85,26/08/2024,18:22:57
26/08/2024,6:23:02,84,26/08/2024,18:23:02
26/08/2024,6:23:12,83,26/08/2024,18:23:12
26/08/2024,6:23:17,84,26/08/2024,18:23:17
26/08/2024,6:23:32,84,26/08/2024,18:23:32
26/08/2024,6:23:42,85,26/08/2024,18:23:42
26/08/2024,6:23:47,86,26/08/2024,18:23:47
26/08/2024,6:23:52,87,26/08/2024,18:23:52
26/08/2024,6:23:57,86,26/08/2024,18:23:57
26/08/2024,6:24:12,87,26/08/2024,18:24:12
26/08/2024,6:24:27,88,26/08/2024,18:24:27
26/08/2024,6:24:32,88,26/08/2024,18:24:32
26/08/2024,6:24:37,89,26/08/2024,18:24:37
26/08/2024,6:24:42,88,26/08/2024,18:24:42
26/08/2024,6:24:52,89,26/08/2024,18:24:52
26/08/2024,6:25:07,88,26/08/2024,18:25:07
26/08/2024,6:25:12,87,26/08/2024,18:25:12
26/08/2024,6:25:17,86,26/08/2024,18:25:17
26/08/2024,6:25:22,84,26/08/2024,18:25:22
26/08/2024,6:25:37,84,26/08/2024,18:25:37
26/08/2024,6:25:42,85,26/08/2024,18:25:42
26/08/2024,6:25:57,86,26/08/2024,18:25:57
26/08/2024,6:26:12,86,26/08/2024,18:26:12
26/08/2024,6:26:17,87,26/08/2024,18:26:17
26/08/2024,6:26:22,88,26/08/2024,18:26:22
26/08/2024,6:26:27,90,26/08/2024,18:26:27
26/08/2024,6:26:32,93,26/08/2024,18:26:32
26/08/2024,6:26:37,94,26/08/2024,18:26:37
26/08/2024,6:26:47,96,26/08/2024,18:26:47
26/08/2024,6:26:52,95,26/08/2024,18:26:52
26/08/2024,6:27:07,94,26/08/2024,18:27:07
26/08/2024,6:27:22,94,26/08/2024,18:27:22
26/08/2024,6:27:27,92,26/08/2024,18:27:27
26/08/2024,6:27:32,91,26/08/2024,18:27:32
26/08/2024,6:27:37,90,26/08/2024,18:27:37
26/08/2024,6:27:52,89,26/08/2024,18:27:52
26/08/2024,6:27:57,88,26/08/2024,18:27:57
26/08/2024,6:28:12,88,26/08/2024,18:28:12
26/08/2024,6:28:17,89,26/08/2024,18:28:17
26/08/2024,6:28:22,91,26/08/2024,18:28:22
26/08/2024,6:28:27,90,26/08/2024,18:28:27
26/08/2024,6:28:32,89,26/08/2024,18:28:32
26/08/2024,6:28:37,88,26/08/2024,18:28:37
26/08/2024,6:28:42,87,26/08/2024,18:28:42
26/08/2024,6:28:52,86,26/08/2024,18:28:52
26/08/2024,6:29:02,85,26/08/2024,18:29:02
26/08/2024,6:29:07,84,26/08/2024,18:29:07
26/08/2024,6:29:22,84,26/08/2024,18:29:22
26/08/2024,6:29:37,84,26/08/2024,18:29:37
26/08/2024,6:29:52,84,26/08/2024,18:29:52
26/08/2024,6:30:07,84,26/08/2024,18:30:07
26/08/2024,6:30:22,85,26/08/2024,18:30:22
26/08/2024,6:30:32,86,26/08/2024,18:30:32
26/08/2024,6:30:47,86,26/08/2024,18:30:47
26/08/2024,6:30:52,87,26/08/2024,18:30:52
26/08/2024,6:31:07,87,26/08/2024,18:31:07
26/08/2024,6:31:22,87,26/08/2024,18:31:22
26/08/2024,6:31:37,87,26/08/2024,18:31:37
26/08/2024,6:31:42,87,26/08/2024,18:31:42
26/08/2024,6:31:47,87,26/08/2024,18:31:47
26/08/2024,6:31:52,86,26/08/2024,18:31:52
26/08/2024,6:32:02,85,26/08/2024,18:32:02
26/08/2024,6:32:07,86,26/08/2024,18:32:07
26/08/2024,6:32:22,86,26/08/2024,18:32:22
26/08/2024,6:32:37,86,26/08/2024,18:32:37
26/08/2024,6:32:42,86,26/08/2024,18:32:42
26/08/2024,6:32:47,86,26/08/2024,18:32:47
26/08/2024,6:32:52,86,26/08/2024,18:32:52
26/08/2024,6:33:07,86,26/08/2024,18:33:07
26/08/2024,6:33:22,87,26/08/2024,18:33:22
26/08/2024,6:33:37,87,26/08/2024,18:33:37
26/08/2024,6:33:42,86,26/08/2024,18:33:42
26/08/2024,6:33:47,85,26/08/2024,18:33:47
26/08/2024,6:34:02,85,26/08/2024,18:34:02
26/08/2024,6:34:07,86,26/08/2024,18:34:07
26/08/2024,6:34:12,87,26/08/2024,18:34:12
26/08/2024,6:34:27,87,26/08/2024,18:34:27
26/08/2024,6:34:42,88,26/08/2024,18:34:42
26/08/2024,6:34:57,88,26/08/2024,18:34:57
26/08/2024,6:35:12,88,26/08/2024,18:35:12
26/08/2024,6:35:27,88,26/08/2024,18:35:27
26/08/2024,6:35:32,89,26/08/2024,18:35:32
26/08/2024,6:35:37,90,26/08/2024,18:35:37
26/08/2024,6:35:47,89,26/08/2024,18:35:47
26/08/2024,6:36:02,89,26/08/2024,18:36:02
26/08/2024,6:36:12,90,26/08/2024,18:36:12
26/08/2024,6:36:17,89,26/08/2024,18:36:17
26/08/2024,6:36:32,89,26/08/2024,18:36:32
26/08/2024,6:36:37,88,26/08/2024,18:36:37
26/08/2024,6:36:52,88,26/08/2024,18:36:52
26/08/2024,6:37:02,90,26/08/2024,18:37:02
26/08/2024,6:37:07,92,26/08/2024,18:37:07
26/08/2024,6:37:12,93,26/08/2024,18:37:12
26/08/2024,6:37:27,92,26/08/2024,18:37:27
26/08/2024,6:37:37,92,26/08/2024,18:37:37
26/08/2024,6:37:47,94,26/08/2024,18:37:47
26/08/2024,6:38:02,93,26/08/2024,18:38:02
26/08/2024,6:38:07,92,26/08/2024,18:38:07
26/08/2024,6:38:17,89,26/08/2024,18:38:17
26/08/2024,6:38:32,89,26/08/2024,18:38:32
26/08/2024,6:38:47,89,26/08/2024,18:38:47
26/08/2024,6:38:52,88,26/08/2024,18:38:52
26/08/2024,6:39:07,88,26/08/2024,18:39:07
26/08/2024,6:39:17,87,26/08/2024,18:39:17
26/08/2024,6:39:27,86,26/08/2024,18:39:27
26/08/2024,6:39:32,85,26/08/2024,18:39:32
26/08/2024,6:39:42,84,26/08/2024,18:39:42
26/08/2024,6:39:47,86,26/08/2024,18:39:47
26/08/2024,6:39:52,87,26/08/2024,18:39:52
26/08/2024,6:39:57,86,26/08/2024,18:39:57
26/08/2024,6:40:07,85,26/08/2024,18:40:07
26/08/2024,6:40:22,85,26/08/2024,18:40:22
26/08/2024,6:40:32,85,26/08/2024,18:40:32
26/08/2024,6:40:37,86,26/08/2024,18:40:37
26/08/2024,6:40:52,86,26/08/2024,18:40:52
26/08/2024,6:40:57,87,26/08/2024,18:40:57
26/08/2024,6:41:02,86,26/08/2024,18:41:02
26/08/2024,6:41:17,87,26/08/2024,18:41:17
26/08/2024,6:41:27,86,26/08/2024,18:41:27
26/08/2024,6:41:32,85,26/08/2024,18:41:32
26/08/2024,6:41:37,85,26/08/2024,18:41:37
26/08/2024,6:41:47,86,26/08/2024,18:41:47
26/08/2024,6:41:52,87,26/08/2024,18:41:52
26/08/2024,6:41:57,88,26/08/2024,18:41:57
26/08/2024,6:42:02,87,26/08/2024,18:42:02
26/08/2024,6:42:17,87,26/08/2024,18:42:17
26/08/2024,6:42:22,85,26/08/2024,18:42:22
26/08/2024,6:42:37,85,26/08/2024,18:42:37
26/08/2024,6:42:47,86,26/08/2024,18:42:47
26/08/2024,6:42:52,88,26/08/2024,18:42:52
26/08/2024,6:42:57,89,26/08/2024,18:42:57
26/08/2024,6:43:07,87,26/08/2024,18:43:07
26/08/2024,6:43:17,86,26/08/2024,18:43:17
26/08/2024,6:43:32,85,26/08/2024,18:43:32
26/08/2024,6:43:37,83,26/08/2024,18:43:37
26/08/2024,6:43:52,83,26/08/2024,18:43:52
26/08/2024,6:43:57,85,26/08/2024,18:43:57
26/08/2024,6:44:12,86,26/08/2024,18:44:12
26/08/2024,6:44:27,86,26/08/2024,18:44:27
26/08/2024,6:44:37,87,26/08/2024,18:44:37
26/08/2024,6:44:42,88,26/08/2024,18:44:42
26/08/2024,6:44:57,88,26/08/2024,18:44:57
26/08/2024,6:45:12,88,26/08/2024,18:45:12
26/08/2024,6:45:22,87,26/08/2024,18:45:22
26/08/2024,6:45:27,87,26/08/2024,18:45:27
26/08/2024,6:45:32,89,26/08/2024,18:45:32
26/08/2024,6:45:37,91,26/08/2024,18:45:37
26/08/2024,6:45:47,91,26/08/2024,18:45:47
26/08/2024,6:45:52,92,26/08/2024,18:45:52
26/08/2024,6:45:57,94,26/08/2024,18:45:57
26/08/2024,6:46:02,96,26/08/2024,18:46:02
26/08/2024,6:46:07,101,26/08/2024,18:46:07
26/08/2024,6:46:12,102,26/08/2024,18:46:12
26/08/2024,6:46:17,106,26/08/2024,18:46:17
26/08/2024,6:46:22,109,26/08/2024,18:46:22
26/08/2024,6:46:32,107,26/08/2024,18:46:32
26/08/2024,6:46:37,106,26/08/2024,18:46:37
26/08/2024,6:46:47,107,26/08/2024,18:46:47
26/08/2024,6:46:52,108,26/08/2024,18:46:52
26/08/2024,6:46:57,110,26/08/2024,18:46:57
26/08/2024,6:47:02,111,26/08/2024,18:47:02
26/08/2024,6:47:07,110,26/08/2024,18:47:07
26/08/2024,6:47:17,108,26/08/2024,18:47:17
26/08/2024,6:47:22,107,26/08/2024,18:47:22
26/08/2024,6:47:27,104,26/08/2024,18:47:27
26/08/2024,6:47:32,103,26/08/2024,18:47:32
26/08/2024,6:47:42,102,26/08/2024,18:47:42
26/08/2024,6:47:47,99,26/08/2024,18:47:47
26/08/2024,6:47:52,98,26/08/2024,18:47:52
26/08/2024,6:47:57,99,26/08/2024,18:47:57
26/08/2024,6:48:02,100,26/08/2024,18:48:02
26/08/2024,6:48:12,103,26/08/2024,18:48:12
26/08/2024,6:48:17,104,26/08/2024,18:48:17
26/08/2024,6:48:22,105,26/08/2024,18:48:22
26/08/2024,6:48:27,104,26/08/2024,18:48:27
26/08/2024,6:48:32,102,26/08/2024,18:48:32
26/08/2024,6:48:37,104,26/08/2024,18:48:37
26/08/2024,6:48:42,107,26/08/2024,18:48:42
26/08/2024,6:48:47,110,26/08/2024,18:48:47
26/08/2024,6:48:52,107,26/08/2024,18:48:52
26/08/2024,6:48:57,106,26/08/2024,18:48:57
26/08/2024,6:49:02,108,26/08/2024,18:49:02
26/08/2024,6:49:12,102,26/08/2024,18:49:12
26/08/2024,6:49:17,103,26/08/2024,18:49:17
26/08/2024,6:49:22,104,26/08/2024,18:49:22
26/08/2024,6:49:27,105,26/08/2024,18:49:27
26/08/2024,6:49:37,106,26/08/2024,18:49:37
26/08/2024,6:49:42,107,26/08/2024,18:49:42
26/08/2024,6:49:52,105,26/08/2024,18:49:52
26/08/2024,6:49:57,103,26/08/2024,18:49:57
26/08/2024,6:50:02,104,26/08/2024,18:50:02
26/08/2024,6:50:07,100,26/08/2024,18:50:07
26/08/2024,6:50:12,99,26/08/2024,18:50:12
26/08/2024,6:50:17,98,26/08/2024,18:50:17
26/08/2024,6:50:22,97,26/08/2024,18:50:22
26/08/2024,6:50:37,98,26/08/2024,18:50:37
26/08/2024,6:50:42,97,26/08/2024,18:50:42
26/08/2024,6:50:47,95,26/08/2024,18:50:47
26/08/2024,6:50:52,98,26/08/2024,18:50:52
26/08/2024,6:50:57,101,26/08/2024,18:50:57
26/08/2024,6:51:02,101,26/08/2024,18:51:02
26/08/2024,6:51:12,103,26/08/2024,18:51:12
26/08/2024,6:51:22,104,26/08/2024,18:51:22
26/08/2024,6:51:32,105,26/08/2024,18:51:32
26/08/2024,6:51:37,104,26/08/2024,18:51:37
26/08/2024,6:51:42,106,26/08/2024,18:51:42
26/08/2024,6:51:47,110,26/08/2024,18:51:47
26/08/2024,6:51:52,108,26/08/2024,18:51:52
26/08/2024,6:51:57,105,26/08/2024,18:51:57
26/08/2024,6:52:02,104,26/08/2024,18:52:02
26/08/2024,6:52:07,107,26/08/2024,18:52:07
26/08/2024,6:52:22,106,26/08/2024,18:52:22
26/08/2024,6:52:27,102,26/08/2024,18:52:27
26/08/2024,6:52:32,97,26/08/2024,18:52:32
26/08/2024,6:52:37,96,26/08/2024,18:52:37
26/08/2024,6:52:42,94,26/08/2024,18:52:42
26/08/2024,6:52:57,94,26/08/2024,18:52:57
26/08/2024,6:53:07,93,26/08/2024,18:53:07
26/08/2024,6:53:12,88,26/08/2024,18:53:12
26/08/2024,6:53:17,88,26/08/2024,18:53:17
26/08/2024,6:53:27,89,26/08/2024,18:53:27
26/08/2024,6:53:32,90,26/08/2024,18:53:32
26/08/2024,6:53:37,91,26/08/2024,18:53:37
26/08/2024,6:53:42,92,26/08/2024,18:53:42
26/08/2024,6:53:47,91,26/08/2024,18:53:47
26/08/2024,6:54:02,92,26/08/2024,18:54:02
26/08/2024,6:54:07,93,26/08/2024,18:54:07
26/08/2024,6:54:12,93,26/08/2024,18:54:12
26/08/2024,6:54:17,94,26/08/2024,18:54:17
26/08/2024,6:54:22,95,26/08/2024,18:54:22
26/08/2024,6:54:32,96,26/08/2024,18:54:32
26/08/2024,6:54:37,95,26/08/2024,18:54:37
26/08/2024,6:54:42,94,26/08/2024,18:54:42
26/08/2024,6:54:47,93,26/08/2024,18:54:47
26/08/2024,6:55:02,93,26/08/2024,18:55:02
26/08/2024,6:55:17,94,26/08/2024,18:55:17
26/08/2024,6:55:32,95,26/08/2024,18:55:32
26/08/2024,6:55:42,96,26/08/2024,18:55:42
26/08/2024,6:55:47,99,26/08/2024,18:55:47
26/08/2024,6:55:57,101,26/08/2024,18:55:57
26/08/2024,6:56:12,101,26/08/2024,18:56:12
26/08/2024,6:56:27,104,26/08/2024,18:56:27
26/08/2024,6:56:32,106,26/08/2024,18:56:32
26/08/2024,6:56:37,108,26/08/2024,18:56:37
26/08/2024,6:56:42,112,26/08/2024,18:56:42
26/08/2024,6:56:47,113,26/08/2024,18:56:47
26/08/2024,6:56:52,111,26/08/2024,18:56:52
26/08/2024,6:56:57,107,26/08/2024,18:56:57
26/08/2024,6:57:02,104,26/08/2024,18:57:02
26/08/2024,6:57:07,101,26/08/2024,18:57:07
26/08/2024,6:57:12,99,26/08/2024,18:57:12
26/08/2024,6:57:17,101,26/08/2024,18:57:17
26/08/2024,6:57:27,100,26/08/2024,18:57:27
26/08/2024,6:57:32,98,26/08/2024,18:57:32
26/08/2024,6:57:37,98,26/08/2024,18:57:37
26/08/2024,6:57:42,97,26/08/2024,18:57:42
26/08/2024,6:57:47,95,26/08/2024,18:57:47
26/08/2024,6:57:52,91,26/08/2024,18:57:52
26/08/2024,6:57:57,89,26/08/2024,18:57:57
26/08/2024,6:58:12,89,26/08/2024,18:58:12
26/08/2024,6:58:22,89,26/08/2024,18:58:22
26/08/2024,6:58:27,91,26/08/2024,18:58:27
26/08/2024,6:58:32,93,26/08/2024,18:58:32
26/08/2024,6:58:37,94,26/08/2024,18:58:37
26/08/2024,6:58:42,95,26/08/2024,18:58:42
26/08/2024,6:58:47,96,26/08/2024,18:58:47
26/08/2024,6:59:02,96,26/08/2024,18:59:02
26/08/2024,6:59:07,95,26/08/2024,18:59:07
26/08/2024,6:59:22,94,26/08/2024,18:59:22
26/08/2024,6:59:27,93,26/08/2024,18:59:27
26/08/2024,6:59:37,91,26/08/2024,18:59:37
26/08/2024,6:59:52,92,26/08/2024,18:59:52
26/08/2024,6:59:57,93,26/08/2024,18:59:57
26/08/2024,7:00:02,94,26/08/2024,19:00:02
26/08/2024,7:00:12,95,26/08/2024,19:00:12
26/08/2024,7:00:27,95,26/08/2024,19:00:27
26/08/2024,7:00:32,94,26/08/2024,19:00:32
26/08/2024,7:00:42,95,26/08/2024,19:00:42
26/08/2024,7:00:52,93,26/08/2024,19:00:52
26/08/2024,7:01:02,95,26/08/2024,19:01:02
26/08/2024,7:01:17,94,26/08/2024,19:01:17
26/08/2024,7:01:22,94,26/08/2024,19:01:22
26/08/2024,7:01:27,93,26/08/2024,19:01:27
26/08/2024,7:01:42,93,26/08/2024,19:01:42
26/08/2024,7:01:52,94,26/08/2024,19:01:52
26/08/2024,7:01:57,95,26/08/2024,19:01:57
26/08/2024,7:02:02,96,26/08/2024,19:02:02
26/08/2024,7:02:17,94,26/08/2024,19:02:17
26/08/2024,7:02:27,95,26/08/2024,19:02:27
26/08/2024,7:02:32,96,26/08/2024,19:02:32
26/08/2024,7:02:37,95,26/08/2024,19:02:37
26/08/2024,7:02:52,96,26/08/2024,19:02:52
26/08/2024,7:03:02,98,26/08/2024,19:03:02
26/08/2024,7:03:07,99,26/08/2024,19:03:07
26/08/2024,7:03:12,100,26/08/2024,19:03:12
26/08/2024,7:03:22,99,26/08/2024,19:03:22
26/08/2024,7:03:32,98,26/08/2024,19:03:32
26/08/2024,7:03:42,97,26/08/2024,19:03:42
26/08/2024,7:03:47,94,26/08/2024,19:03:47
26/08/2024,7:03:52,92,26/08/2024,19:03:52
26/08/2024,7:04:07,93,26/08/2024,19:04:07
26/08/2024,7:04:17,92,26/08/2024,19:04:17
26/08/2024,7:04:32,92,26/08/2024,19:04:32
26/08/2024,7:04:37,90,26/08/2024,19:04:37
26/08/2024,7:04:47,89,26/08/2024,19:04:47
26/08/2024,7:05:02,90,26/08/2024,19:05:02
26/08/2024,7:05:17,90,26/08/2024,19:05:17
26/08/2024,7:05:32,91,26/08/2024,19:05:32
26/08/2024,7:05:37,91,26/08/2024,19:05:37
26/08/2024,7:05:52,92,26/08/2024,19:05:52
26/08/2024,7:05:57,93,26/08/2024,19:05:57
26/08/2024,7:06:02,94,26/08/2024,19:06:02
26/08/2024,7:06:07,93,26/08/2024,19:06:07
26/08/2024,7:06:12,92,26/08/2024,19:06:12
26/08/2024,7:06:17,90,26/08/2024,19:06:17
26/08/2024,7:06:22,91,26/08/2024,19:06:22
26/08/2024,7:06:27,92,26/08/2024,19:06:27
26/08/2024,7:06:32,93,26/08/2024,19:06:32
26/08/2024,7:06:42,92,26/08/2024,19:06:42
26/08/2024,7:06:52,94,26/08/2024,19:06:52
26/08/2024,7:07:07,94,26/08/2024,19:07:07
26/08/2024,7:07:12,95,26/08/2024,19:07:12
26/08/2024,7:07:17,94,26/08/2024,19:07:17
26/08/2024,7:07:22,95,26/08/2024,19:07:22
26/08/2024,7:07:27,97,26/08/2024,19:07:27
26/08/2024,7:07:32,100,26/08/2024,19:07:32
26/08/2024,7:07:37,101,26/08/2024,19:07:37
26/08/2024,7:07:42,99,26/08/2024,19:07:42
26/08/2024,7:07:57,100,26/08/2024,19:07:57
26/08/2024,7:08:02,101,26/08/2024,19:08:02
26/08/2024,7:08:07,104,26/08/2024,19:08:07
26/08/2024,7:08:12,109,26/08/2024,19:08:12
26/08/2024,7:08:17,106,26/08/2024,19:08:17
26/08/2024,7:08:22,105,26/08/2024,19:08:22
26/08/2024,7:08:27,107,26/08/2024,19:08:27
26/08/2024,7:08:32,109,26/08/2024,19:08:32
26/08/2024,7:08:37,107,26/08/2024,19:08:37
26/08/2024,7:08:42,105,26/08/2024,19:08:42
26/08/2024,7:08:57,105,26/08/2024,19:08:57
26/08/2024,7:09:02,102,26/08/2024,19:09:02
26/08/2024,7:09:07,100,26/08/2024,19:09:07
26/08/2024,7:09:12,102,26/08/2024,19:09:12
26/08/2024,7:09:17,101,26/08/2024,19:09:17
26/08/2024,7:09:22,98,26/08/2024,19:09:22
26/08/2024,7:09:27,95,26/08/2024,19:09:27
26/08/2024,7:09:37,100,26/08/2024,19:09:37
26/08/2024,7:09:42,99,26/08/2024,19:09:42
26/08/2024,7:09:47,96,26/08/2024,19:09:47
26/08/2024,7:09:52,100,26/08/2024,19:09:52
26/08/2024,7:09:57,99,26/08/2024,19:09:57
26/08/2024,7:10:12,101,26/08/2024,19:10:12
26/08/2024,7:10:17,100,26/08/2024,19:10:17
26/08/2024,7:10:22,104,26/08/2024,19:10:22
26/08/2024,7:10:27,106,26/08/2024,19:10:27
26/08/2024,7:10:32,108,26/08/2024,19:10:32
26/08/2024,7:10:37,107,26/08/2024,19:10:37
26/08/2024,7:10:42,106,26/08/2024,19:10:42
26/08/2024,7:10:47,111,26/08/2024,19:10:47
26/08/2024,7:10:52,117,26/08/2024,19:10:52
26/08/2024,7:10:57,113,26/08/2024,19:10:57
26/08/2024,7:11:02,107,26/08/2024,19:11:02
26/08/2024,7:11:07,108,26/08/2024,19:11:07
26/08/2024,7:11:12,104,26/08/2024,19:11:12
26/08/2024,7:11:17,106,26/08/2024,19:11:17
26/08/2024,7:11:22,104,26/08/2024,19:11:22
26/08/2024,7:11:27,102,26/08/2024,19:11:27
26/08/2024,7:11:32,103,26/08/2024,19:11:32
26/08/2024,7:11:37,106,26/08/2024,19:11:37
26/08/2024,7:11:47,105,26/08/2024,19:11:47
26/08/2024,7:11:52,107,26/08/2024,19:11:52
26/08/2024,7:11:57,109,26/08/2024,19:11:57
26/08/2024,7:12:02,106,26/08/2024,19:12:02
26/08/2024,7:12:07,104,26/08/2024,19:12:07
26/08/2024,7:12:22,104,26/08/2024,19:12:22
26/08/2024,7:12:27,105,26/08/2024,19:12:27
26/08/2024,7:12:42,104,26/08/2024,19:12:42
26/08/2024,7:12:47,102,26/08/2024,19:12:47
26/08/2024,7:12:52,95,26/08/2024,19:12:52
26/08/2024,7:12:57,99,26/08/2024,19:12:57
26/08/2024,7:13:02,101,26/08/2024,19:13:02
26/08/2024,7:13:07,100,26/08/2024,19:13:07
26/08/2024,7:13:12,101,26/08/2024,19:13:12
26/08/2024,7:13:22,99,26/08/2024,19:13:22
26/08/2024,7:13:27,100,26/08/2024,19:13:27
26/08/2024,7:13:32,101,26/08/2024,19:13:32
26/08/2024,7:13:37,103,26/08/2024,19:13:37
26/08/2024,7:13:47,102,26/08/2024,19:13:47
26/08/2024,7:13:52,104,26/08/2024,19:13:52
26/08/2024,7:13:57,101,26/08/2024,19:13:57
26/08/2024,7:14:02,98,26/08/2024,19:14:02
26/08/2024,7:14:07,102,26/08/2024,19:14:07
26/08/2024,7:14:12,103,26/08/2024,19:14:12
26/08/2024,7:14:17,102,26/08/2024,19:14:17
26/08/2024,7:14:22,99,26/08/2024,19:14:22
26/08/2024,7:14:27,102,26/08/2024,19:14:27
26/08/2024,7:14:32,101,26/08/2024,19:14:32
26/08/2024,7:14:37,105,26/08/2024,19:14:37
26/08/2024,7:14:42,107,26/08/2024,19:14:42
26/08/2024,7:14:47,104,26/08/2024,19:14:47
26/08/2024,7:14:52,98,26/08/2024,19:14:52
26/08/2024,7:14:57,97,26/08/2024,19:14:57
26/08/2024,7:15:02,98,26/08/2024,19:15:02
26/08/2024,7:15:12,101,26/08/2024,19:15:12
26/08/2024,7:15:27,104,26/08/2024,19:15:27
26/08/2024,7:15:32,105,26/08/2024,19:15:32
26/08/2024,7:15:42,102,26/08/2024,19:15:42
26/08/2024,7:15:52,103,26/08/2024,19:15:52
26/08/2024,7:15:57,102,26/08/2024,19:15:57
26/08/2024,7:16:02,103,26/08/2024,19:16:02
26/08/2024,7:16:07,104,26/08/2024,19:16:07
26/08/2024,7:16:12,101,26/08/2024,19:16:12
26/08/2024,7:16:17,102,26/08/2024,19:16:17
26/08/2024,7:16:22,105,26/08/2024,19:16:22
26/08/2024,7:16:27,102,26/08/2024,19:16:27
26/08/2024,7:16:42,101,26/08/2024,19:16:42
26/08/2024,7:16:47,102,26/08/2024,19:16:47
26/08/2024,7:16:52,102,26/08/2024,19:16:52
26/08/2024,7:16:57,104,26/08/2024,19:16:57
26/08/2024,7:17:02,106,26/08/2024,19:17:02
26/08/2024,7:17:07,108,26/08/2024,19:17:07
26/08/2024,7:17:17,110,26/08/2024,19:17:17
26/08/2024,7:17:22,111,26/08/2024,19:17:22
26/08/2024,7:17:27,108,26/08/2024,19:17:27
26/08/2024,7:17:32,107,26/08/2024,19:17:32
26/08/2024,7:17:47,106,26/08/2024,19:17:47
26/08/2024,7:17:52,104,26/08/2024,19:17:52
26/08/2024,7:17:57,106,26/08/2024,19:17:57
26/08/2024,7:18:02,107,26/08/2024,19:18:02
26/08/2024,7:18:07,110,26/08/2024,19:18:07
26/08/2024,7:18:12,112,26/08/2024,19:18:12
26/08/2024,7:18:17,110,26/08/2024,19:18:17
26/08/2024,7:18:22,109,26/08/2024,19:18:22
26/08/2024,7:18:27,112,26/08/2024,19:18:27
26/08/2024,7:18:32,105,26/08/2024,19:18:32
26/08/2024,7:18:37,104,26/08/2024,19:18:37
26/08/2024,7:18:42,111,26/08/2024,19:18:42
26/08/2024,7:18:47,113,26/08/2024,19:18:47
26/08/2024,7:18:52,115,26/08/2024,19:18:52
26/08/2024,7:19:02,116,26/08/2024,19:19:02
26/08/2024,7:19:12,115,26/08/2024,19:19:12
26/08/2024,7:19:17,114,26/08/2024,19:19:17
26/08/2024,7:19:32,113,26/08/2024,19:19:32
26/08/2024,7:19:37,112,26/08/2024,19:19:37
26/08/2024,7:19:42,107,26/08/2024,19:19:42
26/08/2024,7:19:47,105,26/08/2024,19:19:47
26/08/2024,7:19:52,104,26/08/2024,19:19:52
26/08/2024,7:19:57,106,26/08/2024,19:19:57
26/08/2024,7:20:02,108,26/08/2024,19:20:02
26/08/2024,7:20:17,106,26/08/2024,19:20:17
26/08/2024,7:20:22,105,26/08/2024,19:20:22
26/08/2024,7:20:27,106,26/08/2024,19:20:27
26/08/2024,7:20:32,105,26/08/2024,19:20:32
26/08/2024,7:20:37,103,26/08/2024,19:20:37
26/08/2024,7:20:42,97,26/08/2024,19:20:42
26/08/2024,7:20:47,101,26/08/2024,19:20:47
26/08/2024,7:20:52,106,26/08/2024,19:20:52
26/08/2024,7:20:57,111,26/08/2024,19:20:57
26/08/2024,7:21:02,107,26/08/2024,19:21:02
26/08/2024,7:21:07,108,26/08/2024,19:21:07
26/08/2024,7:21:12,110,26/08/2024,19:21:12
26/08/2024,7:21:22,114,26/08/2024,19:21:22
26/08/2024,7:21:27,115,26/08/2024,19:21:27
26/08/2024,7:21:32,112,26/08/2024,19:21:32
26/08/2024,7:21:37,111,26/08/2024,19:21:37
26/08/2024,7:21:42,113,26/08/2024,19:21:42
26/08/2024,7:21:47,115,26/08/2024,19:21:47
26/08/2024,7:21:57,112,26/08/2024,19:21:57
26/08/2024,7:22:02,109,26/08/2024,19:22:02
26/08/2024,7:22:07,112,26/08/2024,19:22:07
26/08/2024,7:22:12,111,26/08/2024,19:22:12
26/08/2024,7:22:17,113,26/08/2024,19:22:17
26/08/2024,7:22:27,111,26/08/2024,19:22:27
26/08/2024,7:22:32,110,26/08/2024,19:22:32
26/08/2024,7:22:37,107,26/08/2024,19:22:37
26/08/2024,7:22:42,106,26/08/2024,19:22:42
26/08/2024,7:22:47,107,26/08/2024,19:22:47
26/08/2024,7:22:52,104,26/08/2024,19:22:52
26/08/2024,7:22:57,105,26/08/2024,19:22:57
26/08/2024,7:23:07,108,26/08/2024,19:23:07
26/08/2024,7:23:12,107,26/08/2024,19:23:12
26/08/2024,7:23:17,108,26/08/2024,19:23:17
26/08/2024,7:23:32,108,26/08/2024,19:23:32
26/08/2024,7:23:37,106,26/08/2024,19:23:37
26/08/2024,7:23:52,108,26/08/2024,19:23:52
26/08/2024,7:23:57,110,26/08/2024,19:23:57
26/08/2024,7:24:02,113,26/08/2024,19:24:02
26/08/2024,7:24:07,119,26/08/2024,19:24:07
26/08/2024,7:24:12,122,26/08/2024,19:24:12
26/08/2024,7:24:17,124,26/08/2024,19:24:17
26/08/2024,7:24:22,123,26/08/2024,19:24:22
26/08/2024,7:24:27,122,26/08/2024,19:24:27
26/08/2024,7:24:32,124,26/08/2024,19:24:32
26/08/2024,7:24:37,125,26/08/2024,19:24:37
26/08/2024,7:24:42,119,26/08/2024,19:24:42
26/08/2024,7:24:47,120,26/08/2024,19:24:47
26/08/2024,7:24:52,118,26/08/2024,19:24:52
26/08/2024,7:24:57,106,26/08/2024,19:24:57
26/08/2024,7:25:07,112,26/08/2024,19:25:07
26/08/2024,7:25:12,113,26/08/2024,19:25:12
26/08/2024,7:25:17,116,26/08/2024,19:25:17
26/08/2024,7:25:22,117,26/08/2024,19:25:22
26/08/2024,7:25:37,117,26/08/2024,19:25:37
26/08/2024,7:25:47,115,26/08/2024,19:25:47
26/08/2024,7:25:52,116,26/08/2024,19:25:52
26/08/2024,7:26:02,117,26/08/2024,19:26:02
26/08/2024,7:26:07,116,26/08/2024,19:26:07
26/08/2024,7:26:12,114,26/08/2024,19:26:12
26/08/2024,7:26:17,115,26/08/2024,19:26:17
26/08/2024,7:26:22,113,26/08/2024,19:26:22
26/08/2024,7:26:27,112,26/08/2024,19:26:27
26/08/2024,7:26:32,115,26/08/2024,19:26:32
26/08/2024,7:26:37,120,26/08/2024,19:26:37
26/08/2024,7:26:42,124,26/08/2024,19:26:42
26/08/2024,7:26:47,125,26/08/2024,19:26:47
26/08/2024,7:26:52,126,26/08/2024,19:26:52
26/08/2024,7:27:02,128,26/08/2024,19:27:02
26/08/2024,7:27:07,131,26/08/2024,19:27:07
26/08/2024,7:27:12,135,26/08/2024,19:27:12
26/08/2024,7:27:17,137,26/08/2024,19:27:17
26/08/2024,7:27:22,136,26/08/2024,19:27:22
26/08/2024,7:27:27,135,26/08/2024,19:27:27
26/08/2024,7:27:32,132,26/08/2024,19:27:32
26/08/2024,7:27:37,129,26/08/2024,19:27:37
26/08/2024,7:27:42,127,26/08/2024,19:27:42
26/08/2024,7:27:47,124,26/08/2024,19:27:47
26/08/2024,7:27:52,123,26/08/2024,19:27:52
26/08/2024,7:27:57,122,26/08/2024,19:27:57
26/08/2024,7:28:07,120,26/08/2024,19:28:07
26/08/2024,7:28:12,122,26/08/2024,19:28:12
26/08/2024,7:28:17,120,26/08/2024,19:28:17
26/08/2024,7:28:27,122,26/08/2024,19:28:27
26/08/2024,7:28:32,120,26/08/2024,19:28:32
26/08/2024,7:28:37,117,26/08/2024,19:28:37
26/08/2024,7:28:42,121,26/08/2024,19:28:42
26/08/2024,7:28:47,122,26/08/2024,19:28:47
26/08/2024,7:28:52,120,26/08/2024,19:28:52
26/08/2024,7:28:57,117,26/08/2024,19:28:57
26/08/2024,7:29:02,115,26/08/2024,19:29:02
26/08/2024,7:29:07,112,26/08/2024,19:29:07
26/08/2024,7:29:12,110,26/08/2024,19:29:12
26/08/2024,7:29:17,111,26/08/2024,19:29:17
26/08/2024,7:29:27,113,26/08/2024,19:29:27
26/08/2024,7:29:32,118,26/08/2024,19:29:32
26/08/2024,7:29:37,112,26/08/2024,19:29:37
26/08/2024,7:29:42,110,26/08/2024,19:29:42
26/08/2024,7:29:47,111,26/08/2024,19:29:47
26/08/2024,7:29:52,115,26/08/2024,19:29:52
26/08/2024,7:29:57,116,26/08/2024,19:29:57
26/08/2024,7:30:02,114,26/08/2024,19:30:02
26/08/2024,7:30:07,113,26/08/2024,19:30:07
26/08/2024,7:30:12,111,26/08/2024,19:30:12
26/08/2024,7:30:17,114,26/08/2024,19:30:17
26/08/2024,7:30:22,113,26/08/2024,19:30:22
26/08/2024,7:30:27,115,26/08/2024,19:30:27
26/08/2024,7:30:32,117,26/08/2024,19:30:32
26/08/2024,7:30:37,114,26/08/2024,19:30:37
26/08/2024,7:30:42,109,26/08/2024,19:30:42
26/08/2024,7:30:47,106,26/08/2024,19:30:47
26/08/2024,7:30:57,103,26/08/2024,19:30:57
26/08/2024,7:31:02,108,26/08/2024,19:31:02
26/08/2024,7:31:07,115,26/08/2024,19:31:07
26/08/2024,7:31:12,117,26/08/2024,19:31:12
26/08/2024,7:31:17,119,26/08/2024,19:31:17
26/08/2024,7:31:22,118,26/08/2024,19:31:22
26/08/2024,7:31:27,116,26/08/2024,19:31:27
26/08/2024,7:31:32,114,26/08/2024,19:31:32
26/08/2024,7:31:37,113,26/08/2024,19:31:37
26/08/2024,7:31:42,112,26/08/2024,19:31:42
26/08/2024,7:31:47,114,26/08/2024,19:31:47
26/08/2024,7:31:52,112,26/08/2024,19:31:52
26/08/2024,7:31:57,109,26/08/2024,19:31:57
26/08/2024,7:32:07,107,26/08/2024,19:32:07
26/08/2024,7:32:17,109,26/08/2024,19:32:17
26/08/2024,7:32:27,112,26/08/2024,19:32:27
26/08/2024,7:32:42,113,26/08/2024,19:32:42
26/08/2024,7:32:47,116,26/08/2024,19:32:47
26/08/2024,7:32:52,121,26/08/2024,19:32:52
26/08/2024,7:32:57,122,26/08/2024,19:32:57
26/08/2024,7:33:02,123,26/08/2024,19:33:02
26/08/2024,7:33:07,122,26/08/2024,19:33:07
26/08/2024,7:33:22,122,26/08/2024,19:33:22
26/08/2024,7:33:27,121,26/08/2024,19:33:27
26/08/2024,7:33:32,120,26/08/2024,19:33:32
26/08/2024,7:33:47,121,26/08/2024,19:33:47
26/08/2024,7:34:02,120,26/08/2024,19:34:02
26/08/2024,7:34:17,120,26/08/2024,19:34:17
26/08/2024,7:34:32,119,26/08/2024,19:34:32
26/08/2024,7:34:37,118,26/08/2024,19:34:37
26/08/2024,7:34:42,120,26/08/2024,19:34:42
26/08/2024,7:34:47,122,26/08/2024,19:34:47
26/08/2024,7:34:52,124,26/08/2024,19:34:52
26/08/2024,7:34:57,127,26/08/2024,19:34:57
26/08/2024,7:35:02,131,26/08/2024,19:35:02
26/08/2024,7:35:07,133,26/08/2024,19:35:07
26/08/2024,7:35:12,132,26/08/2024,19:35:12
26/08/2024,7:35:17,131,26/08/2024,19:35:17
26/08/2024,7:35:22,130,26/08/2024,19:35:22
26/08/2024,7:35:27,127,26/08/2024,19:35:27
26/08/2024,7:35:32,124,26/08/2024,19:35:32
26/08/2024,7:35:37,122,26/08/2024,19:35:37
26/08/2024,7:35:42,121,26/08/2024,19:35:42
26/08/2024,7:35:47,124,26/08/2024,19:35:47
26/08/2024,7:35:52,126,26/08/2024,19:35:52
26/08/2024,7:35:57,126,26/08/2024,19:35:57
26/08/2024,7:36:02,126,26/08/2024,19:36:02
26/08/2024,7:36:07,125,26/08/2024,19:36:07
26/08/2024,7:36:12,124,26/08/2024,19:36:12
26/08/2024,7:36:17,122,26/08/2024,19:36:17
26/08/2024,7:36:22,118,26/08/2024,19:36:22
26/08/2024,7:36:27,117,26/08/2024,19:36:27
26/08/2024,7:36:37,115,26/08/2024,19:36:37
26/08/2024,7:36:42,114,26/08/2024,19:36:42
26/08/2024,7:36:47,117,26/08/2024,19:36:47
26/08/2024,7:36:52,114,26/08/2024,19:36:52
26/08/2024,7:36:57,113,26/08/2024,19:36:57
26/08/2024,7:37:02,114,26/08/2024,19:37:02
26/08/2024,7:37:12,115,26/08/2024,19:37:12
26/08/2024,7:37:27,114,26/08/2024,19:37:27
26/08/2024,7:37:32,113,26/08/2024,19:37:32
26/08/2024,7:37:37,114,26/08/2024,19:37:37
26/08/2024,7:37:42,115,26/08/2024,19:37:42
26/08/2024,7:37:57,115,26/08/2024,19:37:57
26/08/2024,7:38:02,113,26/08/2024,19:38:02
26/08/2024,7:38:07,111,26/08/2024,19:38:07
26/08/2024,7:38:12,116,26/08/2024,19:38:12
26/08/2024,7:38:17,121,26/08/2024,19:38:17
26/08/2024,7:38:22,123,26/08/2024,19:38:22
26/08/2024,7:38:27,124,26/08/2024,19:38:27
26/08/2024,7:38:37,122,26/08/2024,19:38:37
26/08/2024,7:38:42,120,26/08/2024,19:38:42
26/08/2024,7:38:52,122,26/08/2024,19:38:52
26/08/2024,7:38:57,122,26/08/2024,19:38:57
26/08/2024,7:39:02,121,26/08/2024,19:39:02
26/08/2024,7:39:07,120,26/08/2024,19:39:07
26/08/2024,7:39:12,118,26/08/2024,19:39:12
26/08/2024,7:39:17,116,26/08/2024,19:39:17
26/08/2024,7:39:32,117,26/08/2024,19:39:32
26/08/2024,7:39:37,119,26/08/2024,19:39:37
26/08/2024,7:39:42,125,26/08/2024,19:39:42
26/08/2024,7:39:47,124,26/08/2024,19:39:47
26/08/2024,7:39:52,126,26/08/2024,19:39:52
26/08/2024,7:39:57,125,26/08/2024,19:39:57
26/08/2024,7:40:02,123,26/08/2024,19:40:02
26/08/2024,7:40:07,121,26/08/2024,19:40:07
26/08/2024,7:40:12,115,26/08/2024,19:40:12
26/08/2024,7:40:22,116,26/08/2024,19:40:22
26/08/2024,7:40:37,116,26/08/2024,19:40:37
26/08/2024,7:40:47,114,26/08/2024,19:40:47
26/08/2024,7:40:52,113,26/08/2024,19:40:52
26/08/2024,7:40:57,111,26/08/2024,19:40:57
26/08/2024,7:41:12,111,26/08/2024,19:41:12
26/08/2024,7:41:22,112,26/08/2024,19:41:22
26/08/2024,7:41:27,115,26/08/2024,19:41:27
26/08/2024,7:41:32,116,26/08/2024,19:41:32
26/08/2024,7:41:47,116,26/08/2024,19:41:47
26/08/2024,7:41:52,117,26/08/2024,19:41:52
26/08/2024,7:41:57,116,26/08/2024,19:41:57
26/08/2024,7:42:07,113,26/08/2024,19:42:07
26/08/2024,7:42:12,113,26/08/2024,19:42:12
26/08/2024,7:42:17,115,26/08/2024,19:42:17
26/08/2024,7:42:22,116,26/08/2024,19:42:22
26/08/2024,7:42:32,115,26/08/2024,19:42:32
26/08/2024,7:42:42,116,26/08/2024,19:42:42
26/08/2024,7:42:47,117,26/08/2024,19:42:47
26/08/2024,7:42:52,116,26/08/2024,19:42:52
26/08/2024,7:43:02,113,26/08/2024,19:43:02
26/08/2024,7:43:12,117,26/08/2024,19:43:12
26/08/2024,7:43:22,118,26/08/2024,19:43:22
26/08/2024,7:43:37,118,26/08/2024,19:43:37
26/08/2024,7:43:42,121,26/08/2024,19:43:42
26/08/2024,7:43:47,120,26/08/2024,19:43:47
26/08/2024,7:44:02,121,26/08/2024,19:44:02
26/08/2024,7:44:07,117,26/08/2024,19:44:07
26/08/2024,7:44:12,118,26/08/2024,19:44:12
26/08/2024,7:44:22,117,26/08/2024,19:44:22
26/08/2024,7:44:27,116,26/08/2024,19:44:27
26/08/2024,7:44:37,115,26/08/2024,19:44:37
26/08/2024,7:44:42,114,26/08/2024,19:44:42
26/08/2024,7:44:52,117,26/08/2024,19:44:52
26/08/2024,7:44:57,120,26/08/2024,19:44:57
26/08/2024,7:45:02,119,26/08/2024,19:45:02
26/08/2024,7:45:07,118,26/08/2024,19:45:07
26/08/2024,7:45:22,121,26/08/2024,19:45:22
26/08/2024,7:45:27,118,26/08/2024,19:45:27
26/08/2024,7:45:37,117,26/08/2024,19:45:37
26/08/2024,7:45:42,117,26/08/2024,19:45:42
26/08/2024,7:45:47,114,26/08/2024,19:45:47
26/08/2024,7:45:52,113,26/08/2024,19:45:52
26/08/2024,7:45:57,110,26/08/2024,19:45:57
26/08/2024,7:46:02,114,26/08/2024,19:46:02
26/08/2024,7:46:07,111,26/08/2024,19:46:07
26/08/2024,7:46:12,110,26/08/2024,19:46:12
26/08/2024,7:46:22,109,26/08/2024,19:46:22
26/08/2024,7:46:27,107,26/08/2024,19:46:27
26/08/2024,7:46:32,108,26/08/2024,19:46:32
26/08/2024,7:46:37,109,26/08/2024,19:46:37
26/08/2024,7:46:47,110,26/08/2024,19:46:47
26/08/2024,7:46:52,111,26/08/2024,19:46:52
26/08/2024,7:47:07,112,26/08/2024,19:47:07
26/08/2024,7:47:12,111,26/08/2024,19:47:12
26/08/2024,7:47:17,115,26/08/2024,19:47:17
26/08/2024,7:47:22,116,26/08/2024,19:47:22
26/08/2024,7:47:27,120,26/08/2024,19:47:27
26/08/2024,7:47:32,121,26/08/2024,19:47:32
26/08/2024,7:47:37,120,26/08/2024,19:47:37
26/08/2024,7:47:42,118,26/08/2024,19:47:42
26/08/2024,7:47:47,117,26/08/2024,19:47:47
26/08/2024,7:48:02,118,26/08/2024,19:48:02
26/08/2024,7:48:07,122,26/08/2024,19:48:07
26/08/2024,7:48:12,125,26/08/2024,19:48:12
26/08/2024,7:48:22,123,26/08/2024,19:48:22
26/08/2024,7:48:32,125,26/08/2024,19:48:32
26/08/2024,7:48:37,118,26/08/2024,19:48:37
26/08/2024,7:48:42,113,26/08/2024,19:48:42
26/08/2024,7:48:47,109,26/08/2024,19:48:47
26/08/2024,7:48:52,113,26/08/2024,19:48:52
26/08/2024,7:48:57,115,26/08/2024,19:48:57
26/08/2024,7:49:02,119,26/08/2024,19:49:02
26/08/2024,7:49:12,116,26/08/2024,19:49:12
26/08/2024,7:49:17,115,26/08/2024,19:49:17
26/08/2024,7:49:22,118,26/08/2024,19:49:22
26/08/2024,7:49:27,122,26/08/2024,19:49:27
26/08/2024,7:49:32,124,26/08/2024,19:49:32
26/08/2024,7:49:42,130,26/08/2024,19:49:42
26/08/2024,7:49:47,136,26/08/2024,19:49:47
26/08/2024,7:49:52,139,26/08/2024,19:49:52
26/08/2024,7:49:57,140,26/08/2024,19:49:57
26/08/2024,7:50:02,138,26/08/2024,19:50:02
26/08/2024,7:50:07,135,26/08/2024,19:50:07
26/08/2024,7:50:12,133,26/08/2024,19:50:12
26/08/2024,7:50:17,134,26/08/2024,19:50:17
26/08/2024,7:50:22,135,26/08/2024,19:50:22
26/08/2024,7:50:27,132,26/08/2024,19:50:27
26/08/2024,7:50:32,130,26/08/2024,19:50:32
26/08/2024,7:50:37,132,26/08/2024,19:50:37
26/08/2024,7:50:42,136,26/08/2024,19:50:42
26/08/2024,7:50:47,140,26/08/2024,19:50:47
26/08/2024,7:50:52,141,26/08/2024,19:50:52
26/08/2024,7:50:57,140,26/08/2024,19:50:57
26/08/2024,7:51:02,141,26/08/2024,19:51:02
26/08/2024,7:51:07,143,26/08/2024,19:51:07
26/08/2024,7:51:12,140,26/08/2024,19:51:12
26/08/2024,7:51:17,137,26/08/2024,19:51:17
26/08/2024,7:51:22,133,26/08/2024,19:51:22
26/08/2024,7:51:27,131,26/08/2024,19:51:27
26/08/2024,7:51:32,130,26/08/2024,19:51:32
26/08/2024,7:51:37,132,26/08/2024,19:51:37
26/08/2024,7:51:42,133,26/08/2024,19:51:42
26/08/2024,7:51:47,137,26/08/2024,19:51:47
26/08/2024,7:51:57,136,26/08/2024,19:51:57
26/08/2024,7:52:02,135,26/08/2024,19:52:02
26/08/2024,7:52:07,134,26/08/2024,19:52:07
26/08/2024,7:52:12,130,26/08/2024,19:52:12
26/08/2024,7:52:17,126,26/08/2024,19:52:17
26/08/2024,7:52:22,125,26/08/2024,19:52:22
26/08/2024,7:52:27,123,26/08/2024,19:52:27
26/08/2024,7:52:32,121,26/08/2024,19:52:32
26/08/2024,7:52:37,119,26/08/2024,19:52:37
26/08/2024,7:52:47,118,26/08/2024,19:52:47
26/08/2024,7:52:52,114,26/08/2024,19:52:52
26/08/2024,7:52:57,108,26/08/2024,19:52:57
26/08/2024,7:53:07,112,26/08/2024,19:53:07
26/08/2024,7:53:12,116,26/08/2024,19:53:12
26/08/2024,7:53:17,117,26/08/2024,19:53:17
26/08/2024,7:53:22,119,26/08/2024,19:53:22
26/08/2024,7:53:27,119,26/08/2024,19:53:27
26/08/2024,7:53:32,119,26/08/2024,19:53:32
26/08/2024,7:53:37,118,26/08/2024,19:53:37
26/08/2024,7:53:42,117,26/08/2024,19:53:42
26/08/2024,7:53:47,116,26/08/2024,19:53:47
26/08/2024,7:53:52,119,26/08/2024,19:53:52
26/08/2024,7:53:57,120,26/08/2024,19:53:57
26/08/2024,7:54:07,119,26/08/2024,19:54:07
26/08/2024,7:54:17,118,26/08/2024,19:54:17
26/08/2024,7:54:22,116,26/08/2024,19:54:22
26/08/2024,7:54:32,117,26/08/2024,19:54:32
26/08/2024,7:54:37,121,26/08/2024,19:54:37
26/08/2024,7:54:42,118,26/08/2024,19:54:42
26/08/2024,7:54:47,115,26/08/2024,19:54:47
26/08/2024,7:54:52,111,26/08/2024,19:54:52
26/08/2024,7:54:57,110,26/08/2024,19:54:57
26/08/2024,7:55:02,109,26/08/2024,19:55:02
26/08/2024,7:55:07,113,26/08/2024,19:55:07
26/08/2024,7:55:12,115,26/08/2024,19:55:12
26/08/2024,7:55:17,116,26/08/2024,19:55:17
26/08/2024,7:55:22,114,26/08/2024,19:55:22
26/08/2024,7:55:32,116,26/08/2024,19:55:32
26/08/2024,7:55:42,115,26/08/2024,19:55:42
26/08/2024,7:55:47,117,26/08/2024,19:55:47
26/08/2024,7:55:52,119,26/08/2024,19:55:52
26/08/2024,7:55:57,117,26/08/2024,19:55:57
26/08/2024,7:56:02,113,26/08/2024,19:56:02
26/08/2024,7:56:07,111,26/08/2024,19:56:07
26/08/2024,7:56:12,113,26/08/2024,19:56:12
26/08/2024,7:56:17,115,26/08/2024,19:56:17
26/08/2024,7:56:32,113,26/08/2024,19:56:32
26/08/2024,7:56:37,112,26/08/2024,19:56:37
26/08/2024,7:56:42,108,26/08/2024,19:56:42
26/08/2024,7:56:52,114,26/08/2024,19:56:52
26/08/2024,7:56:57,117,26/08/2024,19:56:57
26/08/2024,7:57:02,118,26/08/2024,19:57:02
26/08/2024,7:57:07,117,26/08/2024,19:57:07
26/08/2024,7:57:12,115,26/08/2024,19:57:12
26/08/2024,7:57:27,118,26/08/2024,19:57:27
26/08/2024,7:57:32,122,26/08/2024,19:57:32
26/08/2024,7:57:37,131,26/08/2024,19:57:37
26/08/2024,7:57:42,134,26/08/2024,19:57:42
26/08/2024,7:57:47,130,26/08/2024,19:57:47
26/08/2024,7:57:52,128,26/08/2024,19:57:52
26/08/2024,7:57:57,127,26/08/2024,19:57:57
26/08/2024,7:58:02,128,26/08/2024,19:58:02
26/08/2024,7:58:07,127,26/08/2024,19:58:07
26/08/2024,7:58:12,125,26/08/2024,19:58:12
26/08/2024,7:58:17,126,26/08/2024,19:58:17
26/08/2024,7:58:22,127,26/08/2024,19:58:22
26/08/2024,7:58:27,125,26/08/2024,19:58:27
26/08/2024,7:58:32,124,26/08/2024,19:58:32
26/08/2024,7:58:37,122,26/08/2024,19:58:37
26/08/2024,7:58:42,120,26/08/2024,19:58:42
26/08/2024,7:58:47,123,26/08/2024,19:58:47
26/08/2024,7:58:52,125,26/08/2024,19:58:52
26/08/2024,7:59:07,125,26/08/2024,19:59:07
26/08/2024,7:59:12,127,26/08/2024,19:59:12
26/08/2024,7:59:17,132,26/08/2024,19:59:17
26/08/2024,7:59:22,140,26/08/2024,19:59:22
26/08/2024,7:59:27,142,26/08/2024,19:59:27
26/08/2024,7:59:31,144,26/08/2024,19:59:31
26/08/2024,7:59:38,138,26/08/2024,19:59:38
26/08/2024,7:59:43,141,26/08/2024,19:59:43
26/08/2024,7:59:48,146,26/08/2024,19:59:48
26/08/2024,7:59:53,153,26/08/2024,19:59:53
26/08/2024,7:59:58,155,26/08/2024,19:59:58
26/08/2024,8:00:08,152,26/08/2024,20:00:08
26/08/2024,8:00:13,151,26/08/2024,20:00:13
26/08/2024,8:00:18,150,26/08/2024,20:00:18
26/08/2024,8:00:23,148,26/08/2024,20:00:23
26/08/2024,8:00:28,147,26/08/2024,20:00:28
26/08/2024,8:00:33,146,26/08/2024,20:00:33
26/08/2024,8:00:38,143,26/08/2024,20:00:38
26/08/2024,8:00:43,140,26/08/2024,20:00:43
26/08/2024,8:00:48,139,26/08/2024,20:00:48
26/08/2024,8:00:53,133,26/08/2024,20:00:53
26/08/2024,8:00:58,125,26/08/2024,20:00:58
26/08/2024,8:01:03,123,26/08/2024,20:01:03
26/08/2024,8:01:08,120,26/08/2024,20:01:08
26/08/2024,8:01:13,119,26/08/2024,20:01:13
26/08/2024,8:01:28,118,26/08/2024,20:01:28
26/08/2024,8:01:33,116,26/08/2024,20:01:33
26/08/2024,8:01:38,117,26/08/2024,20:01:38
26/08/2024,8:01:43,116,26/08/2024,20:01:43
26/08/2024,8:01:48,115,26/08/2024,20:01:48
26/08/2024,8:01:53,113,26/08/2024,20:01:53
26/08/2024,8:01:58,110,26/08/2024,20:01:58
26/08/2024,8:02:03,109,26/08/2024,20:02:03
26/08/2024,8:02:08,108,26/08/2024,20:02:08
26/08/2024,8:02:13,106,26/08/2024,20:02:13
26/08/2024,8:02:18,111,26/08/2024,20:02:18
26/08/2024,8:02:23,119,26/08/2024,20:02:23
26/08/2024,8:02:28,121,26/08/2024,20:02:28
26/08/2024,8:02:33,118,26/08/2024,20:02:33
26/08/2024,8:02:43,116,26/08/2024,20:02:43
26/08/2024,8:02:53,115,26/08/2024,20:02:53
26/08/2024,8:02:58,113,26/08/2024,20:02:58
26/08/2024,8:03:08,110,26/08/2024,20:03:08
26/08/2024,8:03:13,113,26/08/2024,20:03:13
26/08/2024,8:03:18,120,26/08/2024,20:03:18
26/08/2024,8:03:23,127,26/08/2024,20:03:23
26/08/2024,8:03:28,133,26/08/2024,20:03:28
26/08/2024,8:03:33,137,26/08/2024,20:03:33
26/08/2024,8:03:38,136,26/08/2024,20:03:38
26/08/2024,8:03:43,135,26/08/2024,20:03:43
26/08/2024,8:03:48,136,26/08/2024,20:03:48
26/08/2024,8:03:53,138,26/08/2024,20:03:53
26/08/2024,8:03:58,137,26/08/2024,20:03:58
26/08/2024,8:04:03,138,26/08/2024,20:04:03
26/08/2024,8:04:08,138,26/08/2024,20:04:08
26/08/2024,8:04:13,136,26/08/2024,20:04:13
26/08/2024,8:04:18,132,26/08/2024,20:04:18
26/08/2024,8:04:23,133,26/08/2024,20:04:23
26/08/2024,8:04:28,132,26/08/2024,20:04:28
26/08/2024,8:04:33,132,26/08/2024,20:04:33
26/08/2024,8:04:43,137,26/08/2024,20:04:43
26/08/2024,8:04:48,146,26/08/2024,20:04:48
26/08/2024,8:04:53,147,26/08/2024,20:04:53
26/08/2024,8:04:58,148,26/08/2024,20:04:58
26/08/2024,8:05:03,149,26/08/2024,20:05:03
26/08/2024,8:05:08,148,26/08/2024,20:05:08
26/08/2024,8:05:13,147,26/08/2024,20:05:13
26/08/2024,8:05:18,145,26/08/2024,20:05:18
26/08/2024,8:05:23,144,26/08/2024,20:05:23
26/08/2024,8:05:38,145,26/08/2024,20:05:38
26/08/2024,8:05:43,143,26/08/2024,20:05:43
26/08/2024,8:05:48,139,26/08/2024,20:05:48
26/08/2024,8:05:53,130,26/08/2024,20:05:53
26/08/2024,8:05:58,123,26/08/2024,20:05:58
26/08/2024,8:06:03,125,26/08/2024,20:06:03
26/08/2024,8:06:08,130,26/08/2024,20:06:08
26/08/2024,8:06:13,128,26/08/2024,20:06:13
26/08/2024,8:06:18,129,26/08/2024,20:06:18
26/08/2024,8:06:28,130,26/08/2024,20:06:28
26/08/2024,8:06:33,132,26/08/2024,20:06:33
26/08/2024,8:06:38,130,26/08/2024,20:06:38
26/08/2024,8:06:43,126,26/08/2024,20:06:43
26/08/2024,8:06:48,124,26/08/2024,20:06:48
26/08/2024,8:06:53,121,26/08/2024,20:06:53
26/08/2024,8:06:58,114,26/08/2024,20:06:58
26/08/2024,8:07:03,115,26/08/2024,20:07:03
26/08/2024,8:07:08,116,26/08/2024,20:07:08
26/08/2024,8:07:23,115,26/08/2024,20:07:23
26/08/2024,8:07:28,117,26/08/2024,20:07:28
26/08/2024,8:07:33,120,26/08/2024,20:07:33
26/08/2024,8:07:48,121,26/08/2024,20:07:48
26/08/2024,8:07:53,127,26/08/2024,20:07:53
26/08/2024,8:07:58,128,26/08/2024,20:07:58
26/08/2024,8:08:03,124,26/08/2024,20:08:03
26/08/2024,8:08:13,125,26/08/2024,20:08:13
26/08/2024,8:08:18,124,26/08/2024,20:08:18
26/08/2024,8:08:23,120,26/08/2024,20:08:23
26/08/2024,8:08:28,113,26/08/2024,20:08:28
26/08/2024,8:08:33,107,26/08/2024,20:08:33
26/08/2024,8:08:38,105,26/08/2024,20:08:38
26/08/2024,8:08:43,106,26/08/2024,20:08:43
26/08/2024,8:08:48,108,26/08/2024,20:08:48
26/08/2024,8:08:53,107,26/08/2024,20:08:53
26/08/2024,8:09:03,105,26/08/2024,20:09:03
26/08/2024,8:09:08,103,26/08/2024,20:09:08
26/08/2024,8:09:13,106,26/08/2024,20:09:13
26/08/2024,8:09:18,112,26/08/2024,20:09:18
26/08/2024,8:09:23,114,26/08/2024,20:09:23
26/08/2024,8:09:28,116,26/08/2024,20:09:28
26/08/2024,8:09:33,115,26/08/2024,20:09:33
26/08/2024,8:09:38,108,26/08/2024,20:09:38
26/08/2024,8:09:43,108,26/08/2024,20:09:43
26/08/2024,8:09:48,107,26/08/2024,20:09:48
26/08/2024,8:09:53,106,26/08/2024,20:09:53
26/08/2024,8:09:58,105,26/08/2024,20:09:58
26/08/2024,8:10:08,104,26/08/2024,20:10:08
26/08/2024,8:10:13,101,26/08/2024,20:10:13
26/08/2024,8:10:23,102,26/08/2024,20:10:23
26/08/2024,8:10:28,108,26/08/2024,20:10:28
26/08/2024,8:10:33,112,26/08/2024,20:10:33
26/08/2024,8:10:38,102,26/08/2024,20:10:38
26/08/2024,8:10:43,99,26/08/2024,20:10:43
26/08/2024,8:10:48,100,26/08/2024,20:10:48
26/08/2024,8:10:53,105,26/08/2024,20:10:53
26/08/2024,8:10:58,107,26/08/2024,20:10:58
26/08/2024,8:11:03,108,26/08/2024,20:11:03
26/08/2024,8:11:13,111,26/08/2024,20:11:13
26/08/2024,8:11:18,115,26/08/2024,20:11:18
26/08/2024,8:11:23,118,26/08/2024,20:11:23
26/08/2024,8:11:28,119,26/08/2024,20:11:28
26/08/2024,8:11:33,118,26/08/2024,20:11:33
26/08/2024,8:11:43,115,26/08/2024,20:11:43
26/08/2024,8:11:48,114,26/08/2024,20:11:48
26/08/2024,8:11:53,117,26/08/2024,20:11:53
26/08/2024,8:11:58,119,26/08/2024,20:11:58
26/08/2024,8:12:03,118,26/08/2024,20:12:03
26/08/2024,8:12:13,116,26/08/2024,20:12:13
26/08/2024,8:12:18,115,26/08/2024,20:12:18
26/08/2024,8:12:23,116,26/08/2024,20:12:23
26/08/2024,8:12:28,115,26/08/2024,20:12:28
26/08/2024,8:12:33,114,26/08/2024,20:12:33
26/08/2024,8:12:38,113,26/08/2024,20:12:38
26/08/2024,8:12:43,112,26/08/2024,20:12:43
26/08/2024,8:12:48,113,26/08/2024,20:12:48
26/08/2024,8:12:53,112,26/08/2024,20:12:53
26/08/2024,8:13:08,114,26/08/2024,20:13:08
26/08/2024,8:13:13,113,26/08/2024,20:13:13
26/08/2024,8:13:18,112,26/08/2024,20:13:18
26/08/2024,8:13:23,117,26/08/2024,20:13:23
26/08/2024,8:13:28,118,26/08/2024,20:13:28
26/08/2024,8:13:43,118,26/08/2024,20:13:43
26/08/2024,8:13:48,116,26/08/2024,20:13:48
